player1,player2,time,league_id
[],['2021 Round 3'],1599140291,46711
['2021 Round 1'],[],1599140270,46711
"['White, James']","['Hill, Taysom']",1599140197,46711
"['Crowder, Jamison', '2021 Round 2']","['Landry, Jarvis']",1599140137,46711
['2020 Round 3'],['2022 Round 3'],1597266338,46711
"['2020 Round 2', '2021 Round 2']","['Drake, Kenyan', 'Freeman, Devonta', 'Robinson, Allen', '2020 Round 2']",1596021469,46711
"['Taylor, Tyrod']","['Crowder, Jamison']",1598890803,35490
"['2021 Round 3', '2021 Round 4']",['4.01'],1588559881,35490
"['2021 Round 1', '2022 Round 1', '2022 Round 2']",['1.07'],1582865963,35490
"['Kamara, Alvin', '2021 Round 1']","['Stafford, Matthew', 'Hunt, Kareem', 'Golladay, Kenny']",1581712409,35490
"['Rivers, Philip']",['2021 Round 3'],1598814857,57794
['2021 Round 4'],"['Dunlap, Carlos']",1596136291,57794
['4.08'],"['4.11', '5.11', '2020 Round 5']",1595955683,57794
['2.14'],"['Odenigbo, Ifeadi', '5.08']",1595867610,57794
['4.09'],['2020 Round 4'],1595796083,57794
['1.01'],"['Stafford, Matthew', '3.14']",1595719334,57794
"['Howard, O.J.']","['Ross, John', '2021 Round 3']",1587664922,57794
"['Davis, Sean']","['Williamson, Avery']",1594325865,23610
['2021 Round 8'],['8.31'],1593722708,23610
"['Ogunjobi, Larry']","['Vernon, Olivier']",1593705367,23610
['2021 Round 4'],['5.24'],1593304567,23610
"['3.21', '4.13']","['3.15', '4.31']",1592968663,23610
['3.16'],"['Reynolds, Josh']",1592965078,23610
"['2.23', '4.30']","['2.27', '3.31']",1592855186,23610
"['McKinney, Benardrick', '2021 Round 2', '2021 Round 3']",['2.21'],1592849165,23610
['2021 Round 1'],['2.17'],1592826680,23610
"['2.12', '4.04']",['2.03'],1592761728,23610
"['2021 Round 1', '2021 Round 3']",['2.02'],1592758384,23610
"['2021 Round 2', '2021 Round 3']","['Baker, Budda']",1592704453,23610
"['2.03', '3.19']","['1.30', '6.15']",1592689373,23610
['1.40'],"['Williams, Mike']",1592677766,23610
"['1.26', '2.26']",['1.19'],1592661809,23610
['1.05'],"['Mahomes, Patrick']",1592613139,23610
['1.04'],[],1592581970,23610
"['1.17', '1.30']",[],1592581937,23610
['1.14'],[],1592581905,23610
['1.06'],[],1592581746,23610
"['1.03', '1.05', '1.23']",[],1592581703,23610
['1.08'],[],1592581651,23610
"['1.19', '1.20']",[],1592581619,23610
"['1.13', '1.21', '1.35']",[],1592581587,23610
"['1.11', '1.16']",[],1592581551,23610
['1.04'],[],1592581498,23610
"['1.06', '1.14']",[],1592581462,23610
"['1.05', '1.13']",[],1592581426,23610
"['1.20', '1.30']",[],1592581361,23610
['1.17'],[],1592581296,23610
['1.35'],[],1592581262,23610
"['1.08', '1.16']",[],1592581228,23610
['1.19'],[],1592581193,23610
['1.23'],[],1592581157,23610
['1.21'],[],1592581120,23610
"['1.03', '1.11']",[],1592581076,23610
['3.07'],['3.31'],1581027733,23610
['3.29'],['3.05'],1581027610,23610
['3.26'],['3.02'],1581027514,23610
['1.12'],[],1581027309,23610
['1.07'],['1.15'],1581027167,23610
['1.04'],[],1581027005,23610
"['Cousins, Kirk', 'Engram, Evan', '2021 Round 2']","['Roethlisberger, Ben', 'Kelce, Travis']",1590413852,41507
['2021 Round 4'],"['Taylor, Tyrod']",1589136286,41507
['2021 Round 3'],['4.07'],1589073050,41507
"['Tate, Golden', '2021 Round 5']",['4.06'],1589071842,41507
['4.07'],"['Brown, Antonio', '5.04']",1589064694,41507
"['Brate, Cameron']",['3.08'],1589061812,41507
"['Gordon, Melvin', '3.04']","['Gurley, Todd']",1588996121,41507
"['Cooper, Amari']","['Robinson, Allen', '3.03']",1588986209,41507
['1.03'],"['1.05', '2.03']",1588901063,41507
"['Brown, Antonio', '2021 Round 3']","['2021 Round 2', '2022 Round 2']",1593915919,78150
"['4.07', '4.14']",['4.03'],1593829995,78150
"['Murray, Latavius', 'Edelman, Julian']","['Samuel, Curtis', '2.14']",1593732667,78150
"['Garoppolo, Jimmy', '2021 Round 3']",['2.08'],1593711925,78150
"['Thielen, Adam', '2021 Round 2']","['2.04', '2021 Round 3']",1593670976,78150
['1.07'],"['1.10', '2.10']",1593656613,78150
"['Brees, Drew', '2.02']","['Rodgers, Aaron']",1593625956,78150
"['Eifert, Tyler', '1.02', '3.10', '4.04']","['1.04', '3.04', '2021 Round 2']",1593624813,78150
['1.06'],"['2.02', '3.03']",1593118276,78150
"['Mack, Marlon', '2.04', '3.01', '2021 Round 2', '2021 Round 3']",['1.06'],1591734502,78150
"['Ryan, Matt', '2.06']","['Landry, Jarvis', '2.04']",1593996086,30404
['2021 Round 2'],"['Green, A.J.']",1599363476,79217
"['Williams, Mike', '2021 Round 2', '2022 Round 2']","['Woods, Robert', '2021 Round 3', '2022 Round 3']",1599302512,79217
"['2021 Round 2', '2022 Round 2']",['2.12'],1593941201,79217
"['2.10', '3.10', '4.04']",['2.05'],1593931893,79217
"['2.05', '3.12']","['2.04', '4.09']",1593929467,79217
['2021 Round 1'],['1.13'],1593923670,79217
"['Diggs, Stefon', '1.11']",['2021 Round 1'],1592003204,79217
"['Ertz, Zach']",['2021 Round 1'],1590795858,79217
"['1.08', '2.08', '3.11', '2021 Round 1', '2021 Round 4']","['Watson, Deshaun']",1586315154,79217
"['Anderson, Robby']",['2022 Round 2'],1585547045,79217
['2021 Round 3'],"['4.01', '4.02']",1594447651,18783
"['2021 Round 2', '2021 Round 3']",['2.10'],1594360433,18783
"['2.11', '5.08', '6.04']",['2.09'],1594360110,18783
['1.13'],"['2.01', '4.08']",1594292633,18783
"['2021 Round 1', '2021 Round 2']",['1.12'],1594285160,18783
['2.11'],"['Foles, Nick']",1594030259,18783
"['1.04', '1.13']",['1.02'],1591519423,18783
"['Trubisky, Mitchell']","['2021 Round 3', '2022 Round 3']",1599047725,69913
['2021 Round 4'],['5.03'],1591584006,69913
['2021 Round 3'],"['4.12', '5.05']",1591572048,69913
"['Roethlisberger, Ben', 'Waller, Darren']","['Mixon, Joe']",1591528414,69913
"['Cook, Dalvin', 'Beckham, Odell']","['Winston, Jameis', 'Adams, Davante', '1.07', '2.07', '2.08']",1591349174,69913
"['Goff, Jared', '1.03']","['Watson, Deshaun']",1591324468,69913
"['1.02', '4.02']","['1.04', '2.03']",1591322363,69913
['2.08'],"['Johnson, David']",1591265706,69913
"['Kirksey, Christian', '1.07', '1.09']","['Godwin, Chris']",1591183943,69913
"['Johnson, Duke']",['2.06'],1588087356,21424
"['Evans, Mike']",['1.05'],1587937891,21424
"['1.11', '1.12', '2021 Round 3', '2021 Round 3']",['1.06'],1589314942,78048
['1.02'],"['Davis, Corey', '1.07', '2021 Round 1']",1589308781,78048
"['5.12', '2021 Round 3']","['Brown, Antonio']",1589246659,78048
['1.06'],"['2.02', '4.02']",1588815515,78048
"['1.07', '2.07']","['1.08', 'Conner, James']",1590790243,56015
"['3.05', '2021 Round 2']",['3.01'],1588557648,10371
['2.11'],"['2021 Round 2', '2022 Round 2']",1588546600,10371
"['2.02', '3.07']","['2.07', '2.09']",1588361238,10371
"['1.14', '2021 Round 1', '2021 Round 1', '2021 Round 2']","['1.11', '2.02', '2021 Round 2']",1588298641,10371
"['Rivers, Philip']",['2021 Round 4'],1588942816,21588
['1.13'],"['2.04', '3.08', '3.10']",1588450251,21588
['1.01'],"['1.04', '2021 Round 1']",1587649561,21588
['5.05'],[],1581029328,21588
"['Jeffery, Alshon']",['2021 Round 4'],1592622477,34059
['2021 Round 2'],['3.02'],1588706588,34059
"['Ekeler, Austin']","['Mostert, Raheem', 'Shepard, Sterling', '2021 Round 1', '2021 Round 2']",1586312791,34059
"['Brown, Antonio']",['2021 Round 3'],1584858918,34059
"['Brown, Antonio']",['2021 Round 3'],1584843887,34059
"['Gurley, Todd']","['Landry, Jarvis']",1584721304,34059
"['Evans, Mike']","['Henry, Derrick']",1584149889,34059
['3.08'],"['Hogan, Chris']",1598307372,49372
"['4.11', '7.03']",['4.08'],1588099726,42791
"['4.12', '7.11']",['4.07'],1588095372,42791
"['4.07', '6.07']",['4.03'],1588091315,42791
"['Watkins, Sammy', '2021 Round 1']","['2.03', '2.07']",1587951071,42791
['2.02'],"['3.08', '2021 Round 1']",1587950854,42791
"['1.11', '5.09', '6.09', '7.09']","['Lockett, Tyler']",1587873094,42791
['2021 Round 3'],"['4.11', '5.11', '6.11', '7.11']",1587749123,42791
"['Diggs, Stefon']","['1.11', '3.11']",1587741401,42791
['1.10'],"['3.03', '2021 Round 1']",1587677505,42791
"['2.04', '2.12', '2021 Round 1']",['1.06'],1587441996,42791
"['2.08', '3.12', '5.12', '6.12', '7.12']",['2021 Round 1'],1586483793,42791
"['Kupp, Cooper', 'Williams, Mike', 'Higbee, Tyler']","['Hopkins, DeAndre', '2021 Round 3']",1591663662,29560
"['Fournette, Leonard', '4.12']",['2.09'],1589132872,29560
"['Landry, Jarvis']","['Doyle, Jack', '4.07']",1589129357,29560
"['2021 Round 2', '2021 Round 3', '2022 Round 1', '2022 Round 3']","['1.08', '2.08', '3.08', '4.08']",1588969922,29560
['4.06'],[],1588877042,29560
"['3.02', '3.12']",[],1588877015,29560
['4.03'],[],1588876968,29560
"['Evans, Mike']","['McCoy, LeSean', 'Brown, Antonio', '2.02']",1588859020,29560
['3.02'],[],1588844734,29560
['4.11'],[],1588844690,29560
['2.05'],[],1588844632,29560
"['2.07', '3.07']",[],1588844593,29560
['3.03'],[],1588844540,29560
['3.11'],[],1588844415,29560
['4.11'],['3.10'],1588844383,29560
['1.07'],[],1588844288,29560
['4.07'],[],1588844239,29560
['4.11'],[],1588844192,29560
['1.10'],[],1588844144,29560
"['Ekeler, Austin', 'Edelman, Julian', 'Woods, Robert']","['Gordon, Melvin', 'Sanders, Emmanuel', 'Watkins, Sammy']",1588775579,29560
"['Fells, Darren', '4.06']","['Tate, Golden']",1585844589,29560
"['3.02', '3.12']","['Johnson, David']",1585699440,29560
[],['4.08'],1583773679,29560
[],['3.11'],1583773664,29560
[],['3.03'],1583773645,29560
[],['3.02'],1583773625,29560
[],"['3.07', '4.07']",1583773585,29560
[],['2.05'],1583773558,29560
[],['1.11'],1583773520,29560
[],"['1.08', '2.08', '3.08']",1583773487,29560
['4.05'],['2021 Round 3'],1588771997,58359
"['2.04', '3.10', '2021 Round 4']","['2.08', '3.08', '2021 Round 3']",1588694274,58359
"['Cooks, Brandin', '3.06']",['2.04'],1588692296,58359
"['1.10', '3.10']",['1.08'],1588645519,58359
"['Mariota, Marcus', '2.01', '2.05']","['Green, A.J.', '2021 Round 1', '2021 Round 2']",1587473727,58359
['1.05'],"['Mack, Marlon', '2.01', '2.12']",1587355095,58359
['2022 Round 3'],"['Brown, Malcolm']",1597895028,51937
['2021 Round 3'],"['Fitzpatrick, Ryan']",1597856781,51937
"['Williams, Jamaal', 'Crabtree, Michael', '2021 Round 2']",['3.09'],1597010251,51937
"['2021 Round 2', '2022 Round 3']",['3.05'],1597009037,51937
['2.06'],['2.07'],1597003145,51937
"['3.01', '2022 Round 2']",['2.11'],1597001301,51937
['1.11'],"['Clement, Corey', 'Johnson, Duke', '3.11', '2022 Round 1', '2022 Round 2']",1591890389,51937
"['Foles, Nick']",[],1591297680,51937
"['Dolphins, Miami']",[],1591045872,51937
[],"['Chiefs, Kansas City']",1590675693,51937
[],"['Patriots, New England']",1590675640,51937
[],"['Colts, Indianapolis']",1590675634,51937
"['Flacco, Joe', 'Davis, Mike', 'Dickson, Ed', '1.10']",['2.02'],1589421182,51937
['2022 Round 1'],['2.02'],1589395455,51937
"['Beckham, Odell', '1.08']","['Elliott, Ezekiel', '2021 Round 2', '2021 Round 3']",1588809507,51937
"['2.11', '2021 Round 3']","['2021 Round 2', '2021 Round 3']",1588638529,51937
"['1.09', '1.13']",['1.05'],1587732347,51937
"['2.05', '2021 Round 2', '2021 Round 2', '2022 Round 2']",['2022 Round 1'],1585536366,51937
"['1.04', '3.06', '2021 Round 1', '2021 Round 3', '2022 Round 1', '2022 Round 2', '2022 Round 3']","['1.02', '2021 Round 1']",1585429224,51937
"['2021 Round 2', '2022 Round 2']",['2.10'],1585325053,51937
"['Prescott, Dak', '3.03']",['2022 Round 1'],1584971362,51937
"['2.03', '2.05', '2021 Round 3']","['2.06', '2.08', '2.12', '3.01']",1584928705,51937
"['2.06', '2021 Round 2', '1.03']",['1.01'],1584646556,51937
"['2.03', '2.09', '2021 Round 2']",['2022 Round 1'],1583801529,51937
"['1.13', 'Gabriel, Taylor']","['2021 Round 2', '2022 Round 1']",1583166119,51937
"['Crabtree, Michael', '2021 Round 2', '2021 Round 3']",[],1583103588,51937
"['2022 Round 2', '2022 Round 3']",['3.03'],1582555444,51937
['2021 Round 3'],"['Smith, Jonnu']",1598625675,26194
['2021 Round 4'],[],1596381974,26194
"['Heyward, Cameron']",[],1596380357,26194
"['Byard, Kevin']",[],1596374258,26194
"['Allen, Jonathan']",[],1596341278,26194
"['Mathieu, Tyrann']",[],1596319193,26194
"['Goff, Jared']",[],1596314752,26194
"['Bosa, Joey']",['2020 Round 3'],1588982868,26194
"['Peppers, Jabrill']",['2021 Round 3'],1588982856,26194
"['Edelman, Julian']",[],1588943763,26194
"['Evans, Mike', '2020 Round 1']","['2020 Round 1', '2020 Round 2']",1588943577,26194
"['Beckham, Odell']",['2021 Round 1'],1588908494,26194
"['2020 Round 3', '2020 Round 4']",['2020 Round 4'],1587665961,26194
['2020 Round 2'],"['2020 Round 3', '2020 Round 4']",1587558261,26194
"['Collins, Landon']",['2020 Round 4'],1586922200,26194
"['7.10', '2021 Round 2']","['3.04', '3.12']",1599011798,26604
"['2.10', '2021 Round 2', '2022 Round 2']","['Adams, Davante', '2022 Round 3']",1599001149,26604
"['6.10', '2021 Round 2']",['2.07'],1598999235,26604
"['1.10', '7.01']","['3.07', '2021 Round 1', '8.05']",1598984351,26604
['2021 Round 3'],[],1600326524,25943
"['Gronkowski, Rob', '2021 Round 4']","['Hilton, T.Y.']",1599971035,25943
['2021 Round 2'],['3.01'],1592260369,25943
"['3.06', '3.10']",['2021 Round 2'],1592253955,25943
['2.10'],"['3.06', '2021 Round 2']",1592228275,25943
['2.07'],"['2.10', '3.10']",1592171838,25943
"['2.01', '2.04']","['Conner, James']",1585141958,25943
"['Littleton, Cory']","['Smith, Jonnu']",1597905466,45785
"['3.09', '2021 Round 2', '2021 Round 3']","['3.03', '2021 Round 2']",1591829620,40767
"['Henry, Hunter', '5.02']","['Landry, Jarvis', '2.03']",1591530626,40767
"['Allen, Keenan', '3.12']",['1.05'],1591371082,40767
"['Gordon, Melvin', 'Ginn Jr., Ted', 'Humphries, Adam', 'Ingram, Melvin', ""Hightower, Dont'a"", 'Ramsey, Jalen', '2.04']",['1.06'],1591310991,40767
"['Coleman, Tevin']","['4.02', '4.08', '4.12', '2021 Round 3']",1589674335,25549
"['Watson, Deshaun', '2021 Round 2']",['2021 Round 1'],1589389688,25549
"['2.02', '2.03']","['2022 Round 1', '2022 Round 2', '2023 Round 1', '2023 Round 2', '2024 Round 2']",1589225496,25549
['2021 Round 1'],"['Williams, Mike', 'Ebron, Eric']",1584578876,25549
"['Drake, Kenyan']","['2021 Round 1', '2022 Round 2']",1584552542,25549
['5.03'],"['Ajayi, Jay']",1583707652,25549
['2022 Round 2'],"['Higbee, Tyler', '4.08']",1583493549,25549
['2021 Round 4'],"['Sanu, Mohamed']",1597951194,41968
"['Diggs, Stefon']","['2021 Round 1', '2021 Round 4']",1594228582,41968
"['2.01', '4.01']",['1.09'],1593362801,41968
"['Ingram, Mark', 'Jeffery, Alshon', 'Sanu, Mohamed', '2021 Round 2', '2021 Round 3', '2021 Round 4', '2022 Round 1', '2022 Round 2']","['Cook, Dalvin']",1593169782,41968
"['Gurley, Todd', 'Watkins, Sammy']",['2021 Round 1'],1592524742,41968
"['2022 Round 2', '2022 Round 4']","['Howard, O.J.']",1592063950,41968
"['1.08', '3.08', '2021 Round 2']","['Robinson, Allen']",1592063942,41968
['2021 Round 4'],"['Foles, Nick']",1591987378,41968
['2021 Round 1'],"['Jones, Aaron']",1591983117,41968
"['Rodgers, Aaron', 'Ertz, Zach']",['2021 Round 1'],1591967956,41968
"['Woods, Robert', '2021 Round 2']","['Rodgers, Aaron', '2021 Round 4']",1599452236,43812
"['Henry, Derrick', '2020 Round 4']","['Thomas, Michael', 'Ertz, Zach']",1598835384,43812
"['Hopkins, DeAndre', '2020 Round 3']",['2020 Round 2'],1595024955,43812
"['Thomas, Michael', '2020 Round 4']","['Ekeler, Austin', '2020 Round 1']",1595128462,42406
"['Kupp, Cooper', 'Robinson, Allen']","['Kamara, Alvin', 'Murray, Latavius']",1594843519,42406
"['2020 Round 3', '2021 Round 2', '2021 Round 3']","['2020 Round 2', '2021 Round 4', '2021 Round 5']",1594756518,42406
"['Hooper, Austin']","['Fuller, Will']",1588268996,42406
"['Keenum, Case', 'Fowler, Bennie', '2020 Round 2']","['Garoppolo, Jimmy', 'Funchess, Devin', '2020 Round 3']",1586968107,42406
"[""Fairbairn, Ka'imi"", '2020 Round 2']","['Winston, Jameis', '2020 Round 3']",1586910295,42406
['2021 Round 4'],['4.06'],1598761519,10394
"['Hooper, Austin', '2021 Round 3']","['4.01', '4.07', '2021 Round 4']",1598760774,10394
['2.07'],"['3.06', '2021 Round 2']",1598758517,10394
"['2021 Round 3', '2021 Round 4']","['3.10', '4.10']",1598742172,10394
"['Hilton, T.Y.', '2.06']",['1.07'],1598742107,10394
['2021 Round 2'],"['Cousins, Kirk']",1598669064,10394
['2021 Round 4'],[],1598654495,10394
['3.05'],[],1596040122,10394
"['2021 Round 1', '2021 Round 4']","['Gurley, Todd']",1600163890,62438
"['49ers, San Francisco']",['2022 Round 4'],1598903970,62438
['2.07'],['2021 Round 1'],1589226542,62438
"['2.08', '4.08']",['2.06'],1589219356,62438
"['Ertz, Zach']","['Smith-Schuster, JuJu']",1588691719,62438
"['1.07', '1.10']",['1.01'],1588621841,62438
"['Jones, Aaron']","['2.02', '2021 Round 1']",1588621787,62438
['2021 Round 7'],['7.12'],1590065554,32904
"['Daniel, Chase', 'Beasley, Cole']","['7.03', '7.10']",1590053516,32904
['7.01'],['2021 Round 7'],1589994479,32904
['2021 Round 5'],['5.01'],1589918364,32904
['2021 Round 4'],"['Dalton, Andy']",1589900678,32904
"['Fournette, Leonard']","['2.12', '2021 Round 1']",1589758990,32904
['1.12'],['2021 Round 1'],1589587202,32904
"['Mack, Marlon', '2022 Round 4', '2022 Round 5']","['Green, A.J.', '2021 Round 2']",1592856139,47787
"['Mack, Marlon']",['2021 Round 1'],1592242248,47787
"['Mack, Marlon']",['2021 Round 1'],1592221042,47787
"['2021 Round 3', '2021 Round 5']","['5.09', '2021 Round 4']",1591810521,47787
"['Trubisky, Mitchell']",['5.02'],1591788731,47787
"['Olsen, Greg']",['5.06'],1591715076,47787
"['4.05', '5.01', '2021 Round 2']",['3.08'],1591700391,47787
"['4.05', '4.10']","['Allen, Jonathan', 'Martinez, Blake']",1591697995,47787
['3.03'],"['2021 Round 2', '2021 Round 4']",1591693544,47787
['3.02'],"['3.10', '2021 Round 3']",1591693208,47787
['2.03'],"['2.07', '3.01']",1591623679,47787
"[""Bell, Le'Veon"", '2021 Round 2', '5.01', '5.12']",['2.01'],1591618652,47787
"['2021 Round 1', '2021 Round 1', '2021 Round 1']","['Hopkins, DeAndre', '2021 Round 2', '2021 Round 2']",1597116504,77081
"['4.10', '2021 Round 4']",['4.06'],1589147291,77081
['2021 Round 3'],['4.05'],1589141288,77081
"['Cook, Jared']","['4.01', '2021 Round 3']",1589130354,77081
['3.12'],"['4.03', '2021 Round 4']",1589126634,77081
"['3.12', '2021 Round 4']","['Brees, Drew', '4.09']",1589126115,77081
['3.04'],"['3.11', '2021 Round 2']",1589061794,77081
['3.04'],"['2021 Round 2', '2021 Round 3']",1589060981,77081
['2021 Round 2'],['3.05'],1589059247,77081
"['3.06', '2021 Round 3']",['3.04'],1589058183,77081
"['Njoku, David', '2.05']","['Hooper, Austin', '2.11']",1589035660,77081
"['Waller, Darren', '2021 Round 2']","['2.02', '3.12']",1589030931,77081
"['1.12', '3.02']",['1.09'],1588988644,77081
"['1.09', '3.01']","['2.01', '2021 Round 1']",1588961066,77081
"['Elliott, Ezekiel', 'Sanders, Emmanuel']","['1.05', '1.09', '2021 Round 1']",1588795396,77081
"['Stills, Kenny', '2021 Round 2']","['Brown, Antonio']",1593363868,45683
"['Murray, Latavius', '2.06']",['2.02'],1589419166,45683
"['1.05', '1.06']","['Kamara, Alvin', '2.12']",1589378149,45683
"['Breida, Matt', 'Hill, Tyreek']","['1.02', '3.04', '3.05']",1589245823,45683
['3.03'],"['Davis, Corey']",1589132095,45683
['3.01'],[],1588175230,45683
['2.03'],"['1.05', '1.06', '2.06', '3.06']",1588175168,45683
[],"['1.03', '3.03']",1588175129,45683
"['1.01', '2.01']",[],1588175098,45683
"['Golladay, Kenny', '2.04', '2.05']","['Robinson, Allen', '1.11']",1587335891,45683
"['Edelman, Julian', '2021 Round 4']","['Gallman, Wayne', '2021 Round 2']",1593307658,15635
['2021 Round 3'],['4.02'],1591489921,15635
['3.08'],['2021 Round 2'],1591488933,15635
"['2.05', '4.05']","['2.07', '3.07']",1591406036,15635
"['2.08', '4.08']",['2.06'],1591399340,15635
"['2.03', '2021 Round 3']","['Green, A.J.']",1591384175,15635
"['2021 Round 1', '2021 Round 4']",['1.13'],1591375239,15635
"['Kupp, Cooper', '2.11']",['1.06'],1591302782,15635
"['1.06', '1.13']","['1.03', '4.03']",1591294699,15635
"['Gronkowski, Rob', '2.04']","['Conner, James']",1591233957,15635
['4.03'],[],1590250521,15635
[],"['Sanders, Emmanuel']",1590248853,15635
"['2021 Round 1', '2021 Round 4']","['Gurley, Todd', '2021 Round 3']",1591178360,61307
"['Thomas, Michael', '2021 Round 4']","['2021 Round 1', '2022 Round 1', 'Williams, Mike']",1590171534,61307
['2021 Round 5'],['5.06'],1590094238,61307
"['4.12', '5.09', '5.12']",['2021 Round 4'],1590004049,61307
"['4.10', '2021 Round 4']",['4.07'],1589977916,61307
['4.04'],"['4.09', '4.11']",1589941408,61307
"['3.09', '4.11']",['3.08'],1589918128,61307
"['2021 Round 3', '2021 Round 3', '2021 Round 3', '2022 Round 1']","['2.11', '2.12']",1589898469,61307
"['Carr, Derek', '2.09']","['2021 Round 1', '2021 Round 2']",1589898247,61307
"['3.07', '2021 Round 2']",['2.02'],1589860758,61307
"['2021 Round 1', '2021 Round 1']","['1.12', '2.01']",1589853177,61307
"['Beckham, Odell']",['1.06'],1589841468,61307
[],['2.06'],1589592390,61307
"['2.04', '2021 Round 5']","['1.07', '2.07', '4.07', '5.07', '2021 Round 2', '2021 Round 4']",1589592165,61307
[],['4.06'],1589591978,61307
"['5.05', '2021 Round 2', '2021 Round 4']","['2021 Round 1', '2021 Round 5']",1589591951,61307
[],"['1.04', '2021 Round 2', '2021 Round 3']",1589591829,61307
[],"['3.04', '4.04', '5.04', '2021 Round 4']",1589591590,61307
['1.06'],"['1.05', '2.05', '4.05', '2021 Round 3']",1589591371,61307
"['Johnson, David']",['2021 Round 1'],1590461969,62343
"['Anderson, Robby']","['Perriman, Breshad']",1585261204,62343
"['5.03', '5.09']",['4.07'],1589025068,21671
['2021 Round 2'],"['3.07', '4.07']",1588979588,21671
['2021 Round 2'],['3.04'],1588976753,21671
"['3.09', '2021 Round 2']",['2.10'],1588973916,21671
['2.06'],"['2.10', '2021 Round 3']",1588968256,21671
"['2.03', '2.05', '4.10']",['1.08'],1588957240,21671
['2021 Round 5'],['5.10'],1588782426,21671
"['Fuller, Will', '2021 Round 1']","['2.03', '3.05']",1588774994,21671
['4.04'],"['Tannehill, Ryan']",1587103768,21671
"['Landry, Jarvis', '1.04', 'Bills, Buffalo']","['1.02', 'Williams, Mike']",1585423651,21671
"['Williams, Damien']","['Sanders, Emmanuel', '4.01']",1584832860,21671
"['Rams, Los Angeles']","['Falcons, Atlanta']",1584726323,21671
"['Falcons, Atlanta']","['Rams, Los Angeles']",1584725826,21671
[],['2.06'],1585548918,74007
"['2.06', '2021 Round 1']","['1.11', '2.09']",1585548845,74007
"['Ryan, Matt']",[],1585547444,74007
"['2.03', '2.06', '2.11']","['2021 Round 1', '2021 Round 2']",1585546624,74007
"['Mahomes, Patrick', 'Tannehill, Ryan', '4.07']","['Ryan, Matt', 'Shepard, Sterling', '1.12', '3.01', '2021 Round 3', '2021 Round 4']",1585545114,74007
"['3.06', '2021 Round 1']","['1.11', '2.09', '4.07']",1585544970,74007
"['1.11', '2.09', '4.07']","['3.06', '2021 Round 1']",1585527349,74007
"['Ryan, Matt', 'Shepard, Sterling', '1.12', '3.01', '2021 Round 3', '2021 Round 4']","['Mahomes, Patrick', 'Tannehill, Ryan', '4.07']",1585521021,74007
"['2.03', '2.06', '2.11']","['2021 Round 1', '2021 Round 2', '2021 Round 4']",1585510978,74007
"['2.06', '2021 Round 1']","['1.11', '2.09']",1585447257,74007
"['Howard, Jordan', '4.10', '4.12']","['2.08', '2021 Round 2']",1584632321,74007
['1.13'],"['2.12', '3.05', '3.06', '3.12']",1584607762,74007
"['Samuel, Curtis', '2.08']","['Cohen, Tarik', '1.12']",1583813704,74007
"['Erickson, Alex', '2021 Round 2']","['3.01', '3.10']",1583391547,74007
"['2021 Round 1', '2021 Round 2', '2021 Round 3', '2021 Round 4', '2021 Round 5']","['2021 Round 1', '2021 Round 2', '2021 Round 3', '2021 Round 4', '2021 Round 5']",1598847205,11210
"['5.31', '2021 Round 4']",['5.10'],1598461391,11210
"['5.01', '5.32']",['2021 Round 4'],1598374551,11210
['4.11'],"['5.23', '2021 Round 3']",1598288974,11210
"['Barber, Peyton']","['Dorsett, Phillip']",1598206283,11210
['4.08'],"['Cook, Jared']",1598199735,11210
['3.24'],['2021 Round 2'],1598198883,11210
"['2021 Round 2', '2021 Round 3']","['3.07', '5.08']",1598113138,11210
"['2.08', '4.08']","['2.19', '3.07']",1597949663,11210
"['2.11', '3.23', '2021 Round 1']",['1.30'],1597888424,11210
"['Montgomery, Ty']",[],1597824334,11210
"['1.29', '2.18']","['Mostert, Raheem', 'Kazee, Damontae']",1597804549,11210
"['1.23', '2.23', '2.30', '3.13', '3.23', '4.23', '5.23']",['1.11'],1597803531,11210
[],"['Ginn Jr., Ted']",1597647287,11210
"['3.10', '4.29']","['2021 Round 3', '2021 Round 4']",1597515121,11210
"['Stafford, Matthew', '4.04']",['4.01'],1591362612,50528
"['Diggs, Stefon']","['2.10', '2021 Round 1']",1591195818,50528
"['Williams, Mike']","['1.09', '2.09']",1591057177,50528
"['Richard, Jalen']",['2021 Round 4'],1599759245,44598
['2021 Round 4'],"['Ravens, Baltimore']",1599745414,44598
"['Beckham, Odell', '2022 Round 4']","['Thomas, Michael', '2022 Round 2']",1599459719,44598
['2021 Round 3'],"['Landry, Jarvis']",1589257690,44598
"['Jones, Marvin', 'Landry, Jarvis', '2021 Round 1', '2022 Round 3']","['Hill, Tyreek', '2021 Round 4']",1589066271,44598
['2021 Round 3'],"['Breida, Matt']",1588883381,44598
"['Howard, Jordan']","['4.07', '4.08']",1588809677,44598
['4.06'],"['Perriman, Breshad']",1588802874,44598
['3.11'],"['Tannehill, Ryan', '2021 Round 4']",1588715802,44598
"['1.08', '2021 Round 4']","['Conner, James', '2.02', '2.11', '2021 Round 2', '2021 Round 3']",1588432159,44598
['2021 Round 3'],"['Fuller, Will']",1599492999,27639
"['2021 Round 4', '2021 Round 5']",['4.06'],1599093279,27639
"['Cowboys, Dallas']","['Seahawks, Seattle']",1599093236,27639
"['2.10', '3.09', '3.10']",['1.08'],1598926273,27639
"['2021 Round 1', '2021 Round 1']","['Kelce, Travis']",1599430793,22699
"['Samuel, Curtis']",['2022 Round 3'],1599180401,22699
[],['2021 Round 4'],1591571545,22699
['2021 Round 1'],[],1591571401,22699
['2021 Round 3'],[],1591571306,22699
['2021 Round 2'],['2021 Round 1'],1591571218,22699
"['Howard, Jordan']",[],1591570977,22699
['2021 Round 2'],[],1591570883,22699
"['Garoppolo, Jimmy', 'Fournette, Leonard', '1.09']",['1.01'],1591154203,22699
['1.02'],"['1.05', '1.12']",1589584779,22699
['2021 Round 6'],"['Gore, Frank']",1599426937,32776
"['Parker, DeVante', '2022 Round 1', '2022 Round 1']","['Beckham, Odell']",1598276434,32776
"['McCoy, LeSean']",['2021 Round 3'],1598236017,32776
"['Elliott, Ezekiel']","['Fournette, Leonard', '2021 Round 1', '2021 Round 1', '2021 Round 1', '2021 Round 1']",1598142701,32776
"['2021 Round 3', '2021 Round 5']","['Edelman, Julian']",1592597004,32776
"['Ryan, Matt']","['2021 Round 2', '2021 Round 4']",1592476112,32776
['6.13'],"['Witten, Jason']",1592073445,32776
['6.10'],['2021 Round 6'],1592073176,32776
['6.02'],"['Fells, Darren']",1592072582,32776
"['4.01', '4.08']","['2021 Round 4', '2021 Round 5', '2022 Round 4']",1592064277,32776
"['4.12', '2021 Round 5']","['5.07', '5.10', '6.07', '6.08', '6.13']",1592062323,32776
"['3.08', '4.07', '2.12']","['2023 Round 2', '2023 Round 6']",1591976750,32776
"['3.06', '3.07', '5.01']","['2022 Round 2', '2022 Round 4']",1591872082,32776
"['2.11', '2021 Round 1']","['2.07', '2.09']",1591628902,32776
"['3.04', '6.10']",['2021 Round 3'],1591626456,32776
['2021 Round 2'],['3.01'],1590843508,32776
"['Mostert, Raheem', '6.06', '2021 Round 3']","['Hunt, Kareem']",1590778172,32776
['1.10'],['2021 Round 1'],1590424776,32776
['2021 Round 5'],"['Montgomery, Ty']",1590407951,32776
['2022 Round 1'],"['2.05', '5.10']",1590341784,32776
"['2021 Round 2', '2023 Round 1']","['Ingram, Mark']",1590000780,32776
"['Olsen, Greg', '2.13', '2022 Round 3']",['2.05'],1589984044,32776
"['3.08', '2021 Round 3', '2022 Round 3']",['2.13'],1589908951,32776
"['1.09', '1.11', '1.12', '2022 Round 1']","['1.04', '4.04']",1589819129,32776
['2022 Round 1'],"['2021 Round 1', '2021 Round 2']",1589810686,32776
"['1.08', '6.01']","['3.07', '2022 Round 1']",1589759956,32776
"['Johnson, David', '2.13', '6.13']","['1.11', '1.12']",1589751651,32776
"['1.05', '2.13', '2021 Round 1', '2022 Round 1']","['Hopkins, DeAndre', '1.10']",1589749147,32776
"['Brown, John', '2021 Round 1']","['Lockett, Tyler']",1589680892,32776
"['3.08', '2021 Round 1']",['1.07'],1589566346,32776
"['Lockett, Tyler', '2022 Round 2']","['Hunt, Kareem', '2021 Round 2']",1589461661,32776
"['Drake, Kenyan', '1.11', '1.12']","['1.09', '1.10', '2023 Round 1', '2024 Round 1']",1589421769,32776
['1.07'],"['Williams, Mike']",1589382449,32776
"['Thielen, Adam']","['Diggs, Stefon']",1589312408,32776
"['4.08', '2021 Round 2', '2023 Round 1']","['2021 Round 1', '2022 Round 3']",1589293991,32776
['1.10'],['2021 Round 1'],1589144381,32776
['3.08'],"['Crowder, Jamison']",1588882723,32776
"['Sanders, Emmanuel']","['Davis, Corey', '4.07']",1588261829,32776
"['2.12', '6.08']","['Tannehill, Ryan']",1586784686,32776
[],['2022 Round 4'],1588621418,27077
['5.07'],['2022 Round 4'],1588547131,27077
"['Winston, Jameis', 'Ogunjobi, Larry', 'Bradham, Nigel', 'Davis, Todd', '5.01']",['8.02'],1588178003,27077
['5.11'],"['Davis, Corey']",1588081605,27077
[],"['Elliott, Jake']",1587996239,27077
[],"['McCoy, LeSean']",1587792860,27077
[],"['Thomas, Demaryius']",1587792804,27077
[],"['Perine, Samaje']",1587792761,27077
"['Smith, Preston']",[],1587359602,27077
"['Clinton-Dix, Ha Ha']",[],1587359483,27077
"['Hewitt, Neville']",[],1587359404,27077
"['Sanu, Mohamed']",[],1586834380,27077
[],"['Thompson, Chris']",1586834290,27077
[],"['Jones, Marvin']",1586834208,27077
"['Bernard, Giovani']",[],1586728967,27077
[],"['Reddick, Haason']",1586728809,27077
"['Whitehead, Tahir']",[],1586728732,27077
[],"['Bell, Vonn']",1586728660,27077
[],"['Lewis, Dion']",1586728590,27077
"['Brown, John']",[],1586484210,27077
[],"['Beasley, Cole']",1586411303,27077
[],"['Stills, Kenny']",1586411189,27077
[],"['Freeman, Devonta']",1586311279,27077
[],"['Robinson, Demarcus']",1586311166,27077
"['Brown, John']",[],1586224507,27077
[],"['Lutz, Wil']",1586224424,27077
"['Kirksey, Christian']",[],1586224270,27077
"['Parker, DeVante']",[],1586143066,27077
[],"['Peterson, Adrian']",1586141017,27077
[],"['Jeffery, Alshon']",1586115797,27077
[],"['Shepard, Sterling']",1586115527,27077
[],"['Dunlap, Carlos']",1586115424,27077
"['Henry, Derrick']",[],1586115140,27077
[],"['Murray, Latavius']",1586067839,27077
[],"['Goff, Jared']",1586056483,27077
[],"[""Campbell, De'Vondre""]",1586052743,27077
[],"['Foles, Nick']",1586025375,27077
"['Graham, Jimmy']",[],1586024823,27077
"['Winston, Jameis']",[],1586022657,27077
[],"['Gallman, Wayne']",1585991478,27077
[],"['Jordan, Cameron']",1585990656,27077
[],"['Sanders, Emmanuel']",1585989885,27077
"['Collins, Jamie']",[],1585989445,27077
"['Wright, K.J.']",[],1585988953,27077
"['Watt, T.J.']",[],1585988601,27077
[],"['Jack, Myles']",1585988083,27077
[],"['Peppers, Jabrill']",1585987807,27077
[],['2.12'],1597144378,48338
[],['2.09'],1597144356,48338
['2.03'],[],1597144321,48338
['2.11'],[],1597144294,48338
['1.12'],[],1597144266,48338
['1.04'],[],1597144238,48338
['1.07'],[],1597144215,48338
['1.11'],[],1597144188,48338
"['Hooper, Austin', '18.04']","['Smith, Jonnu', '22.03']",1596078457,41482
"['10.03', '11.10']","['10.06', '11.05']",1596031425,41482
"['11.05', '2021 Round 2']",['9.09'],1596021323,41482
['5.08'],"['8.06', '2021 Round 1']",1595804950,41482
"['4.12', '12.02', '2021 Round 4']","['5.09', '9.09', '2021 Round 3', '2021 Round 3']",1595775922,41482
"['4.12', '12.12']",['4.06'],1595732817,41482
"['2.06', '9.11']",['2.03'],1595634287,41482
"['2.06', '4.06', '6.06', '10.06']","['1.11', '2.02', '22.02', '24.02']",1595599017,41482
"['2.04', '2021 Round 1']","['1.08', '2021 Round 3']",1595525749,41482
"['Foles, Nick', '2021 Round 6']",['2021 Round 5'],1590911238,48605
"['Houston, Justin']",['4.05'],1590505114,48605
"['3.06', '5.06']",['3.02'],1590341359,48605
"['2.15', '5.15']",['2.05'],1590240855,48605
['1.14'],"['Fournette, Leonard']",1590152097,48605
['1.09'],"['1.13', '4.13', '6.13']",1590082373,48605
"['Howard, O.J.', '1.16']",['1.10'],1590078241,48605
"['Cooks, Brandin']","['Humphrey, Marlon']",1589988773,48605
"['Rodgers, Aaron', 'Barnett, Derek']","['Wentz, Carson']",1589834577,48605
"['Armstead, Arik']","['Campbell, Calais']",1589834556,48605
"['Johnson, Duke', 'Rudolph, Kyle', 'Watt, J.J.']","['Ertz, Zach']",1589747434,48605
"['Agholor, Nelson', '4.05']","['Davis, Corey']",1589647193,48605
"['Davis, Corey']","['Agholor, Nelson', '4.05']",1589645774,48605
"['Doyle, Jack']","['Jones, Chris']",1589643952,48605
"['Woods, Xavier']","['Westbrook, Dede']",1599519988,30660
['18.10'],"['20.04', '21.04', '22.04', '23.04', '24.04']",1598739416,30660
['16.12'],"['17.10', '18.10', '19.10', '19.12', '20.10', '21.10', '22.10', '23.10', '24.10']",1598738723,30660
"['14.01', '14.08', '15.08', '16.08', '17.08', '18.12']","['11.12', '12.12', '2021 Round 14']",1598736955,30660
"['21.11', '22.11', '23.11', '24.11']",['16.01'],1598735348,30660
"['3.14', '3.15', '5.11']","['2.13', '8.14']",1598731715,30660
"['Gurley, Todd']","['1.13', '2021 Round 6']",1598730342,30660
"['Ebron, Eric', '1.02', '2.11', '2021 Round 1']","['Kelce, Travis']",1598725297,30660
['1.09'],"['2.03', '4.16', '5.07']",1598724040,30660
['2.02'],"['Thielen, Adam']",1598658700,30660
['3.06'],"['4.06', '6.04']",1598634149,30660
['14.01'],"['19.08', '20.08', '21.08', '22.08', '23.08', '24.08']",1598630955,30660
[],"['Judon, Matt']",1597843276,30660
[],"['Burgess, James']",1597827530,30660
"['Godchaux, Davon']","['Campbell, Calais']",1597827480,30660
[],"['Davis, Jarrad']",1597827381,30660
['2021 Round 7'],"['King, Desmond']",1597742417,30660
"['Burgess, James', '9.10', '2021 Round 6']",[],1597742256,30660
"['Garoppolo, Jimmy', 'Bradham, Nigel', 'Fuller, Kyle']","['6.04', '8.15']",1597742207,30660
"['Campbell, Calais', '16.12']","['Godchaux, Davon', 'Bucannon, Deone']",1597742131,30660
['13.01'],"['Barnett, Derek']",1597742084,30660
['4.09'],"['Gerry, Nate']",1597223154,30660
"['Adams, Davante', '2.08', '2.09', '2021 Round 1']","['Kamara, Alvin', '2.10', '2.12', '2021 Round 3']",1596249616,66396
"['1.07', '1.08', '2.12']","['1.03', '2.03']",1594690427,66396
"['Robinson, Allen']","['Edelman, Julian', '2.01', '2021 Round 1']",1586706985,66396
"['2021 Round 2', '49ers, San Francisco', 'Williams, Damien']","['Waller, Darren', 'Bears, Chicago']",1585423106,66396
['2.02'],"['2.05', '2.07']",1585311709,66396
"['Mixon, Joe']","['Smith, Jonnu', '1.01', '2021 Round 2', '2021 Round 3', '2021 Round 3']",1585084258,66396
"['Vikings, Minnesota', '2021 Round 2']","['Steelers, Pittsburgh']",1584798372,66396
"['2021 Round 1', '2021 Round 3']",['1.12'],1583415522,66396
['2021 Round 3'],"['Engram, Evan']",1600097803,37440
"['Smith, Jaylon']","['Cooks, Brandin']",1599758204,37440
"['Hicks, Akiem']",['2021 Round 6'],1597860686,37440
"['2021 Round 6', '2022 Round 6']",['7.01'],1596842185,37440
"['Johnson, John', '2021 Round 3']","['Davis, Corey']",1596551932,37440
"['2021 Round 3', '2021 Round 5']",['3.11'],1596546571,37440
"['4.11', '2021 Round 2']",['3.06'],1596541396,37440
['3.03'],"['3.09', '4.09']",1596502471,37440
['3.02'],"['3.12', '4.12']",1596502443,37440
"['4.04', '5.04']",['3.03'],1596501841,37440
['3.02'],"['Williams, Mike']",1596476889,37440
['2.09'],"['Prescott, Dak']",1596377171,37440
"['2021 Round 6', '2022 Round 3']","['Ross, John']",1598275036,42464
['2021 Round 5'],['6.07'],1595773812,42464
"['5.12', '7.07', '7.12']",['5.06'],1595458375,42464
"['7.08', '2021 Round 2']",['3.06'],1595285037,42464
"['5.08', '2021 Round 1', '2021 Round 6', '2021 Round 7']","['3.10', '4.06', '2021 Round 2']",1595285012,42464
"['Edelman, Julian', '5.01', '6.01']","['3.02', '3.03']",1587207860,42464
"['Luck, Andrew', '2.04', '2021 Round 2', '2021 Round 4']",['2021 Round 1'],1586793260,42464
['2.04'],"['Smith, Jonnu']",1585926671,42464
"['Luck, Andrew']",['2021 Round 7'],1585578402,42464
"['Lee, Marqise']","['4.06', '5.03']",1594820085,28775
['3.10'],"['4.02', '5.10']",1594781192,28775
"['2021 Round 2', '2021 Round 4']","['3.09', '4.02']",1594779777,28775
"['1.04', '2.04', '2021 Round 2']","['Wilson, Russell', 'Murray, Latavius', 'Ross, John']",1592017263,28775
"['Thomas, Michael']","['Godwin, Chris']",1591279473,28775
"['Mostert, Raheem', 'Higbee, Tyler']","['2.01', '2021 Round 3']",1587872912,28775
"['Gronkowski, Rob']","['2.01', '3.04']",1587768486,28775
"['Jones, Julio']","['2021 Round 1', '2021 Round 3']",1589636920,15568
"['4.09', '4.10', '4.12']","['2021 Round 3', '2021 Round 4']",1589156359,15568
"['Breida, Matt', '2021 Round 2']","['Crowder, Jamison']",1589155440,15568
"['4.09', '2021 Round 3']","['4.06', '4.07']",1589153884,15568
['2021 Round 4'],"['Fitzgerald, Larry']",1589115632,15568
"['4.12', '2021 Round 4']",['4.03'],1589115371,15568
['3.10'],"['4.07', '2021 Round 3']",1589072017,15568
"['3.04', '4.04']",['2.11'],1589047979,15568
"['Diggs, Stefon']",['1.06'],1588988053,15568
"['1.03', '1.11']",['1.01'],1588371852,15568
"['Kamara, Alvin']","['Williams, Damien', '1.03']",1587856248,15568
"['Wagner, Bobby']","['Newton, Cam', '3.09']",1587236724,15568
"['Stafford, Matthew']",['2.05'],1587230596,15568
['1.05'],"['Smith-Schuster, JuJu']",1587225946,15568
['2021 Round 2'],['3.03'],1586012854,15568
['2.01'],"['3.12', '2021 Round 1']",1585223849,15568
['2021 Round 4'],['5.05'],1588467148,15287
['2021 Round 3'],['4.07'],1588460042,15287
"['Ross, John']",['4.01'],1588458951,15287
"['2.08', '2021 Round 3']",['2021 Round 1'],1588445598,15287
"['2021 Round 2', '2021 Round 3', '2022 Round 3']","['Hilton, T.Y.']",1600254780,59631
"['4.06', '5.07']",['4.03'],1598816648,59631
['2.03'],"['Samuel, Curtis', '3.12']",1598733850,59631
"['Williams, Damien']",['2021 Round 4'],1589239565,60686
"['Fuller, Will', 'Samuel, Curtis']","['Higbee, Tyler', '2021 Round 4', '2021 Round 5']",1589140201,60686
['2021 Round 6'],['6.11'],1588457688,60686
['4.02'],"['4.10', '5.09']",1588378092,60686
"['3.12', '6.12', '2021 Round 4']",['2021 Round 2'],1588375055,60686
['2021 Round 1'],['2.03'],1588330244,60686
"['1.13', '2021 Round 2']",['1.11'],1588300043,60686
"['1.11', '2021 Round 1']","['1.07', '4.08']",1588296732,60686
"['Parker, DeVante', '3.03', '2021 Round 1']",['1.05'],1588294309,60686
"['3.10', '6.10']","['5.07', '5.09', '2021 Round 3']",1588289720,60686
"['Kittle, George']","['Kelce, Travis', '3.11', '5.10', '6.07']",1587221941,60686
"['Jones, Aaron']","['1.09', '2.07']",1583944180,60686
['1.06'],"['1.08', '2.08']",1581368892,60686
"['Newton, Cam', 'Diggs, Stefon', '2021 Round 2', '2021 Round 3', '2022 Round 3']","['Anderson, Robby', 'Evans, Mike']",1594791953,32832
['2020 Round 3'],"['Watkins, Sammy']",1588464602,32832
['2020 Round 3'],"['2020 Round 3', '2022 Round 3']",1588463005,32832
['2020 Round 2'],"['2020 Round 2', '2021 Round 3']",1588455840,32832
"['2020 Round 2', '2020 Round 3']","['2020 Round 2', '2020 Round 3', '2021 Round 2']",1588451245,32832
['2020 Round 1'],"['2020 Round 1', '2021 Round 1']",1588446810,32832
['2020 Round 3'],[],1584666432,32832
"['Watson, Deshaun', '2020 Round 3', '2021 Round 3', '2022 Round 3']","['Hill, Tyreek', '2021 Round 2', '2022 Round 2']",1584664091,32832
"['Landry, Jarvis']","['Hyde, Carlos', '2021 Round 3']",1584546731,32832
"['Cohen, Tarik']",['2020 Round 2'],1583381583,32832
"['Cohen, Tarik']","['Shepard, Sterling']",1598462740,10934
"['Cooks, Brandin', '2021 Round 1']","['Conner, James', '2021 Round 2']",1598396436,10934
"['Cohen, Tarik']",['2021 Round 2'],1595006188,10934
"['18.10', '19.03']",['20.08'],1589035487,10934
"['18.08', '20.08']",['18.05'],1588990181,10934
"['15.04', '16.09', '2021 Round 3']","['14.10', '17.03']",1588949839,10934
"['7.03', '11.05']","['7.07', '10.05']",1588609664,10934
"['8.06', '18.06', '2021 Round 2']","['7.03', '20.10']",1588603365,10934
"['6.06', '9.07']","['7.02', '8.06']",1588558892,10934
"['6.08', '2021 Round 3']",['6.05'],1588554674,10934
['5.12'],"['7.05', '2021 Round 1']",1588463460,10934
"['3.07', '8.11']","['4.02', '11.11', '2021 Round 1']",1588361529,10934
"['19.06', '20.07']",['18.02'],1588356950,10934
"['3.05', '6.08']","['4.06', '2021 Round 2', '5.11']",1588355780,10934
"['14.05', '14.08']",['12.10'],1588312255,10934
"['2.08', '15.08']","['2.11', '13.07']",1588297245,10934
"['3.11', '5.11']","['2.06', '9.08']",1588286234,10934
"['5.02', '9.07', '2021 Round 1']","['3.07', '11.07', '2021 Round 2']",1588249388,10934
"['15.08', '16.05']",['14.08'],1588227411,10934
['1.06'],"['1.08', '6.05']",1588218627,10934
"['9.08', '2021 Round 1', '2021 Round 3']",['7.07'],1588194661,10934
['12.06'],"['13.08', '2021 Round 2']",1588192242,10934
"['1.07', '4.11', '2021 Round 2']","['1.04', '6.09']",1588191677,10934
"['1.07', '9.07', '10.06']","['2.11', '6.11', '7.02']",1588187146,10934
"['Reynolds, Josh']","['Driskel, Jeff', '2021 Round 8']",1599678058,73793
"['Davis, Mike']",['2021 Round 4'],1596725489,73793
"['Hundley, Brett', '2021 Round 7']","['Glennon, Mike', '2021 Round 8']",1588961393,73793
['2021 Round 7'],"['8.09', '2021 Round 8']",1588205268,73793
"['Williams, Jamaal']",['8.08'],1588204943,73793
['2021 Round 7'],['8.01'],1588177450,73793
"['Siemian, Trevor', '2.06', '3.08']",['2.04'],1588032419,73793
"['2.03', '2.10']","['2.01', '3.08']",1588006476,73793
"['1.08', '2021 Round 1']",['1.03'],1587949034,73793
"['Bridgewater, Teddy', '1.03', '1.06', '1.09', '6.09', '7.08', '2021 Round 1']","['Ryan, Matt', 'Cook, Dalvin', 'Murray, Latavius', 'Godwin, Chris', '3.07', '2021 Round 3']",1587782938,73793
"['Brady, Tom']","['2.03', '2.06']",1587770955,73793
['2.08'],"['4.02', '2021 Round 3', '2021 Round 6']",1587309709,73793
['2021 Round 4'],"['Keenum, Case']",1586520196,73793
"['Ingram, Melvin', '6.09', '7.08']","['5.03', '5.08', '8.09']",1585680965,73793
"['2021 Round 6', '2021 Round 6', '2021 Round 6']","['6.09', '7.08', '8.03']",1583093841,73793
"['4.01', '2021 Round 1']","['2.08', '2.10']",1582835110,73793
"['Engram, Evan', '5.06', '2021 Round 4', '2021 Round 5']","['4.01', '2021 Round 6']",1582663153,73793
"['4.09', '6.03', '7.09', '2021 Round 2']","['3.06', '4.06', '5.06']",1582594032,73793
"['7.08', '2021 Round 3', '2021 Round 5']","['4.03', '6.03']",1582491554,73793
"['Murray, Latavius', 'Graham, Jimmy', '2021 Round 5']","['Waller, Darren', '2021 Round 10']",1600016127,21268
"['1.12', '2.03', '3.12']","['1.05', '5.05']",1598806913,21268
"['4.04', '4.08', '4.12']",['4.02'],1598882334,34162
['2021 Round 4'],['4.10'],1598868711,34162
"['Newton, Cam', 'Lockett, Tyler', '3.03', '3.07', '2021 Round 4']","['Watson, Deshaun', '2.05', '2.06']",1598726692,34162
"['Allen, Keenan']","['2.07', '3.07']",1598725038,34162
"['McCaffrey, Christian', '2021 Round 3']","['2.02', '2.08', '2021 Round 1', '2021 Round 2']",1598719218,34162
"['Elliott, Ezekiel', '3.08', '4.08', '4.10']","['1.05', '1.06', '3.04']",1598664126,34162
"[""Bell, Le'Veon"", 'Carson, Chris']","['1.05', '2.05']",1598649937,34162
"['1.06', '2.06']","['1.04', '2021 Round 3']",1598634548,34162
"['Tate, Golden']",['5.03'],1588081669,25315
"['5.08', '5.12']","['2021 Round 4', '2021 Round 4']",1588038804,25315
"['2021 Round 3', '2021 Round 3']","['4.07', '4.09', '5.04', '5.09']",1587963937,25315
['2.09'],"['3.03', '3.07']",1587943374,25315
"['1.06', '2.06']","['1.07', '2.04']",1587926907,25315
"['1.08', '1.09']",['1.03'],1587921093,25315
"['3.08', '4.08']",['3.03'],1586393586,25315
"['Yeldon, T.J.']",['2021 Round 3'],1586352663,25315
"['Godwin, Chris', '2.13']","['Adams, Davante', '4.03']",1584926331,25315
['2021 Round 1'],"['Brown, Malcolm', 'Gurley, Todd']",1584709637,25315
"['Godwin, Chris', '2.13', '2021 Round 3']","['Cook, Dalvin']",1583160282,25315
"['Evans, Mike']","['Lockett, Tyler', '1.12']",1583079227,25315
['2024 Round 4'],"['Hill, Brian', '2024 Round 5']",1599358028,45342
"['Gurley, Todd']","['2023 Round 1', '2025 Round 3']",1591453761,45342
"['5.10', '2021 Round 5']",['5.08'],1589225024,45342
"['2021 Round 5', '2022 Round 4']",['4.08'],1589167251,45342
"['4.01', '5.10']","['4.03', '5.04']",1589117830,45342
"['2021 Round 4', '2022 Round 4']","['4.01', '2025 Round 5']",1589101126,45342
"['3.10', '4.06']",['3.09'],1589063352,45342
"['4.01', '4.08']",['3.08'],1589055597,45342
"['Brissett, Jacoby']",['2025 Round 4'],1589055567,45342
"['3.02', '2022 Round 3', '2024 Round 4']",['2.10'],1589047388,45342
"['3.07', '3.10', '4.04']","['2.10', '2025 Round 4']",1589046192,45342
"['2022 Round 3', '2023 Round 2']",['2.06'],1589032739,45342
['2.04'],"['2.09', '2021 Round 3', '2022 Round 2']",1588991625,45342
"['1.09', '3.04']",['1.07'],1588816667,45342
"['1.09', '2.09']","['2.04', '2.06', '3.02', '2021 Round 2']",1588816435,45342
"['1.07', '3.05']",['1.02'],1588689802,45342
"['Peterson, Adrian']","['Jones, Marvin']",1598891317,55901
"['Everett, Gerald', '2022 Round 3']","['Humphries, Adam']",1594966075,55901
"['Jackson, DeSean', '2021 Round 3', '2021 Round 3']",['2021 Round 2'],1594923443,55901
"['Dupree, Bud']","['Humphries, Adam', 'Armstead, Arik']",1594414586,55901
"['Mack, Khalil']","['Tate, Golden']",1592858425,55901
"['Cooper, Amari', '2022 Round 2']","['Drake, Kenyan', 'Landry, Jarvis']",1592242087,55901
"['2022 Round 2', '2022 Round 3', '2022 Round 4']","['Fuller, Will']",1591665942,55901
['2020 Round 3'],"['Breida, Matt']",1591478770,55901
['2022 Round 3'],['2020 Round 4'],1591476941,55901
['2021 Round 3'],"['Burkhead, Rex']",1587916853,55901
"['Ertz, Zach', '2020 Round 2']",['2020 Round 1'],1587851973,55901
"['Johnson, David', 'Samuel, Curtis', '2020 Round 1', '2020 Round 1', '2020 Round 2', '2020 Round 2', '2022 Round 1']",['2020 Round 1'],1587832610,55901
['2020 Round 2'],['2020 Round 2'],1587754711,55901
['2020 Round 2'],[],1587752001,55901
"['2020 Round 1', '2020 Round 2', '2020 Round 2']","['2020 Round 1', '2020 Round 2', '2020 Round 2', '2020 Round 3']",1587751465,55901
['2020 Round 2'],[],1587749132,55901
"['Crowder, Jamison']","['2020 Round 2', '2023 Round 2']",1587745320,55901
['2021 Round 2'],"['Mostert, Raheem']",1584845522,55901
"['Brown, Malcolm', '2021 Round 4']",['2021 Round 3'],1599763951,37543
['2021 Round 3'],"['Henry, Hunter']",1599008430,37543
"['Crowder, Jamison', '2022 Round 4']",['2022 Round 2'],1597637002,37543
['2022 Round 4'],['4.11'],1589742347,37543
"['4.09', '2021 Round 3', '2022 Round 3']","['Waller, Darren']",1589741735,37543
['2021 Round 4'],['4.10'],1589734446,37543
"['4.03', '4.06']",['2022 Round 3'],1589648733,37543
"['Ertz, Zach']","['3.02', '3.06']",1589424091,37543
"['2.04', '3.04', '2021 Round 3']","['Diggs, Stefon']",1589318926,37543
"['Ryan, Matt', '1.13']","['1.10', '3.10', '2021 Round 2']",1589260806,37543
"['2.07', '2021 Round 1', '2021 Round 3']","['1.09', '2021 Round 5']",1588977333,30176
"['4.09', '4.12']",['4.06'],1588902317,30176
"['2.01', '2021 Round 1']","['Fournette, Leonard']",1588872706,30176
"['Tate, Golden', 'Thomas, Michael', '5.07', '6.07']","['Watkins, Sammy', 'Gronkowski, Rob', '1.04', '1.10', '4.05']",1588446401,30176
"['Conner, James', '3.11']","['Lockett, Tyler']",1588383931,30176
"['Perriman, Breshad']",['4.01'],1588212326,30176
"['McKinnon, Jerick']","['Ross, John']",1588210100,30176
['2021 Round 4'],['4.12'],1590205022,23906
"['4.04', '2021 Round 3']",['3.08'],1590162142,23906
"['2.08', '3.02']","['2.05', '4.02']",1590092551,23906
['2021 Round 4'],"['Roethlisberger, Ben']",1599178382,53269
['2.08'],"['Coleman, Tevin', '2021 Round 2']",1598133675,53269
['1.07'],"['3.10', '2021 Round 1', '2021 Round 2', '2021 Round 3', '2021 Round 4']",1598132522,53269
['1.04'],"['Prescott, Dak', '1.10']",1598131823,53269
"['Sanders, Emmanuel', '4.04', '4.07']","['Williams, Mike']",1595682481,53269
"['Gronkowski, Rob']",['3.12'],1599024003,22835
"['1.09', '3.05']","['2.02', '2.09']",1598901127,22835
['3.02'],['3.01'],1598363304,22835
"['1.02', '2.02', '4.02', '5.02', '6.02', '7.02']","['1.01', '2.01', '4.01', '5.01', '6.01', '7.01']",1598363237,22835
"['6.04', '6.10']",['2021 Round 5'],1599250758,19707
"['5.10', '6.01', '7.10']",['5.03'],1599185101,19707
['2.04'],"['2.07', '3.07']",1598891426,19707
"['2021 Round 2', '2021 Round 2']","['Bosa, Joey']",1598027535,19707
"['Stafford, Matthew']",['2021 Round 3'],1589148357,19707
['2021 Round 1'],"[""Bell, Le'Veon""]",1588864626,19707
"['McKinnon, Jerick']","['Milano, Matt']",1594443378,49658
"['Foles, Nick', '2021 Round 4']",['2021 Round 3'],1591671629,49658
"['4.11', '2021 Round 4']",['4.09'],1591587838,49658
"['2.08', '2021 Round 4', '2021 Round 5']",['2.06'],1591584097,49658
"['Parker, DeVante']","['Ingram, Mark', 'Milano, Matt', '2021 Round 1']",1591580933,49658
"['2021 Round 1', '2021 Round 2']",['1.08'],1588131800,49658
['1.06'],"['1.08', '2021 Round 3']",1587580608,49658
"['Shepard, Sterling', '2021 Round 1']","['Parker, DeVante']",1599218411,28727
"['Gronkowski, Rob']","['Landry, Jarvis']",1598163874,28727
"['Higbee, Tyler']",['3.05'],1597684043,28727
['2021 Round 5'],"['Quinn, Robert']",1599191936,46627
"['Davis, Sean', '2022 Round 5']",['2021 Round 4'],1599162699,46627
"['Witherspoon, Ahkello']",['2021 Round 5'],1599157038,46627
"['Fournette, Leonard']","['2021 Round 2', '2021 Round 2']",1599141153,46627
"['Vaccaro, Kenny']",['2021 Round 6'],1590066088,46627
"['Joyner, Lamarcus']",['2022 Round 6'],1590065990,46627
"['Jenkins, Rayshawn']",['7.16'],1588711251,46627
"['2021 Round 5', '2021 Round 6']","['7.12', '7.15']",1588702481,46627
['2021 Round 4'],"['7.10', '7.14']",1588694264,46627
['6.11'],"['2022 Round 4', '2023 Round 4']",1588684492,46627
['2021 Round 4'],"['6.09', '7.09']",1588681633,46627
"['2021 Round 3', '2021 Round 5']",['4.01'],1588549554,46627
['2023 Round 1'],['3.07'],1588532209,46627
"['Clowney, Jadeveon', '2021 Round 1']",['2.02'],1588446495,46627
"['Bridgewater, Teddy', 'Hill, Taysom', 'Jones, Julio']",['1.14'],1588385690,46627
"['2021 Round 1', '2022 Round 1']",['1.07'],1588372228,46627
"['Gronkowski, Rob', '1.15']","['2.16', '3.15', '4.16']",1588089356,46627
"['Stafford, Matthew']","['Cousins, Kirk', '3.06', '4.09', '2021 Round 2']",1586364797,46627
['2021 Round 4'],['5.05'],1586354236,46627
"['Brown, Preston', 'Mayo, David', '5.15']",['2021 Round 4'],1586177882,46627
"['2022 Round 5', '2023 Round 3']","['Reddick, Haason', '2023 Round 7']",1584655206,46627
"['Murphy, Trent']",['5.13'],1583939955,46627
"['Bridgewater, Teddy']",['6.03'],1583518087,46627
[],"['Slay, Darius']",1583417797,46627
"['Bourne, Kendrick', '6.11']","['Amendola, Danny']",1582916714,46627
"['3.11', '3.12']",['2021 Round 2'],1581869637,46627
"['Njoku, David']",['2021 Round 3'],1590191153,33237
"['Brown, John']",['3.12'],1589021334,33237
['3.07'],['2021 Round 3'],1588979647,33237
"['3.10', '3.12']",['3.05'],1588974269,33237
['2021 Round 2'],['3.04'],1588971334,33237
['2.06'],"['2.10', '2021 Round 2']",1588890855,33237
['1.11'],"['Samuel, Curtis', '2.04']",1588872432,33237
"['Beckham, Odell']",['1.05'],1587429744,33237
"['McKissic, J.D.']","['Williams, Damien']",1600229215,67894
"['Hill, Brian']","['Brissett, Jacoby']",1590985687,67894
['2021 Round 4'],['4.29'],1590872744,67894
['3.19'],"['2021 Round 3', '2021 Round 4']",1590529628,67894
"['4.29', '2021 Round 3', '2021 Round 4']",['3.22'],1590504040,67894
['4.17'],"['Foles, Nick']",1590471115,67894
"['Foles, Nick']",['3.17'],1590471075,67894
['3.17'],"['Foles, Nick']",1590469140,67894
"['4.19', '2021 Round 3']",['3.16'],1590468856,67894
['3.06'],"['3.18', '3.31', '2021 Round 4']",1590380216,67894
"['2.20', '2021 Round 2']","['2.13', '4.18', '2021 Round 3']",1590141433,67894
"['Winston, Jameis', '2.20']","['Stafford, Matthew']",1590100199,67894
"['2.09', '2021 Round 2']",['2021 Round 1'],1590097652,67894
['2021 Round 1'],['2.01'],1590002489,67894
['2021 Round 4'],"['Brown, Malcom', 'Alualu, Tyson']",1589923859,67894
"['2.03', '2.15']","['4.08', '2021 Round 2', '2021 Round 2', '2021 Round 3']",1589914158,67894
['1.18'],"['1.25', '2.09']",1589850512,67894
['1.16'],"['1.28', '2021 Round 1']",1589761250,67894
['2021 Round 3'],"['Anderson, Ryan']",1589673668,67894
"['Butler, Vernon', 'Jones, Jonathan']",['2021 Round 3'],1589673367,67894
['1.03'],"['1.13', '2021 Round 1']",1589567440,67894
"['1.03', '1.18']","['1.01', '2.15']",1588367212,67894
"['Simon, John']","['Moreau, Fabian']",1588117446,67894
['3.25'],"['Barr, Anthony']",1588014345,67894
"['Jackson, Malik', 'Allen, Ricardo']",['2.25'],1587959934,67894
"['Perryman, Denzel']","['3.22', '2021 Round 3']",1587944334,67894
"['Brown, Malcolm', 'Stills, Kenny', 'Ford, Dee']","['1.19', '2.19']",1587680528,67894
['1.22'],"['Hunt, Kareem']",1587268492,67894
"['Fitzpatrick, Ryan']",['4.15'],1586382936,67894
"['Brate, Cameron', '4.29']","['Tuitt, Stephon']",1585616456,67894
"['Carson, Chris']",['1.32'],1585598381,67894
"['Baker, Budda']",['1.25'],1585520043,67894
"['Elliott, Jake']",['3.26'],1585338122,67894
['1.29'],"['Ekeler, Austin']",1585282709,67894
['1.28'],"['2021 Round 1', '2021 Round 3', '2021 Round 4']",1584848073,67894
['2021 Round 1'],"['3.32', '2021 Round 2', '2021 Round 2']",1584825656,67894
"['Newton, Cam']","['2021 Round 2', '2021 Round 3']",1584804810,67894
"['Fowler, Dante', '1.32', '4.13']","['Gurley, Todd']",1584740616,67894
"['Thomas, Michael', '3.28', '3.29', '2021 Round 1', '2021 Round 4']","['Fournette, Leonard']",1582260096,67894
"['Blair, Ronald', '2.13', '2.29', '4.09']","['Boyd, Tyler']",1582167460,67894
"['Garoppolo, Jimmy']",['2021 Round 4'],1600131544,62560
['2022 Round 1'],"['Williams, Mike']",1590266929,62560
"['2021 Round 6', '2022 Round 3', '2023 Round 4']",['3.10'],1588115724,62560
['3.09'],"['2021 Round 3', '2022 Round 4', '2023 Round 5']",1588113201,62560
['3.05'],"['3.10', '2021 Round 4', '2022 Round 4']",1588103063,62560
['3.01'],"['2021 Round 6', '2022 Round 2', '2023 Round 3']",1588095653,62560
"['1.08', '2023 Round 3', '2023 Round 4', '2023 Round 5', '2023 Round 6']",['1.07'],1588008145,62560
"['1.07', '2.12']",['1.06'],1588007436,62560
['1.01'],"['1.07', '1.09', '2.11']",1588004122,62560
"['Landry, Jarvis']","['2023 Round 1', '2021 Round 2', '2022 Round 4', '3.05']",1582900804,62560
"['Brown, Malcolm', '2021 Round 2']",['2021 Round 1'],1600196938,67759
"['Ross, John']",['2021 Round 3'],1588874687,67759
['2.09'],"['3.01', '2021 Round 2']",1588643479,67759
['2.05'],"['2.09', '2021 Round 2']",1588628782,67759
"['1.04', '3.02']","['1.05', '2.05']",1588473744,67759
"['Washington, DeAndre']",['4.02'],1587128559,67759
"['Woods, Robert']",['1.11'],1586989147,67759
"['1.02', '3.01', '2021 Round 1', '2021 Round 2']","['Kamara, Alvin', 'Hilton, T.Y.']",1586954077,67759
"['Mack, Marlon', '2.12']","['Conner, James', 'Johnson, Duke', '3.10']",1584699957,67759
"['Hyde, Carlos']",['2021 Round 3'],1592249480,57859
['5.09'],['5.07'],1589743928,57859
['2021 Round 3'],"['Rivers, Philip']",1589737261,57859
"['2021 Round 5', '2021 Round 6']",['5.04'],1589735833,57859
"['4.01', '2021 Round 3']",['3.12'],1589687989,57859
"['4.02', '5.01', '2021 Round 2']",['3.02'],1589684924,57859
['3.01'],"['Hill, Taysom', '2021 Round 2']",1589684438,57859
"['Brown, John', '2021 Round 2']",['2.06'],1589682937,57859
"['2.07', '3.07', '4.09']","['2.05', '4.02']",1589681955,57859
['1.06'],"['Njoku, David', '1.07']",1589679193,57859
"['1.05', '1.08', '2.05']",['1.02'],1589587582,57859
"['Bridgewater, Teddy']",['1.11'],1589555646,57859
"['2.03', '2021 Round 1', '2021 Round 1']","['1.08', '1.09']",1589429525,57859
"['2.09', '2021 Round 1']",['1.08'],1589210535,57859
"['Fournette, Leonard', 'Kittle, George']","['1.03', '1.10', '2.03', '2021 Round 1', '2021 Round 3']",1588777079,57859
"['2021 Round 2', '2021 Round 2']",['2021 Round 1'],1597266657,13090
"['Smith-Schuster, JuJu']",['2021 Round 1'],1595564951,13090
"['2021 Round 5', '2021 Round 5']",['5.05'],1594348168,13090
['5.01'],['2021 Round 4'],1594300281,13090
"['4.07', '2021 Round 4']","['Peppers, Jabrill', '5.07', '5.08']",1594151583,13090
"['4.03', '2021 Round 2']",['2021 Round 2'],1594148170,13090
"['2021 Round 3', '2021 Round 3', '2021 Round 5']","['3.07', '5.12', '2021 Round 4']",1593694508,13090
"['Thielen, Adam']","['2.09', '2021 Round 2']",1593475628,13090
"['2.08', '2021 Round 5']","['5.01', '2021 Round 2']",1593460664,13090
"['2.05', '2021 Round 4']","['Brown, Malcolm', '2.07']",1593432292,13090
"['Carr, Derek', '2.01']",['1.10'],1593301654,13090
"['Hunt, Kareem', '1.03', '1.12']","['Thielen, Adam', '1.02']",1593187157,13090
"['4.01', '4.12']",['2021 Round 3'],1592526799,13090
"['1.08', '1.09']","['1.04', '2021 Round 2']",1592015685,13090
"['2.12', '3.08']",['2021 Round 2'],1591648933,13090
['4.03'],"['4.07', '2021 Round 4']",1591496536,13090
"['1.06', '2.03', '2021 Round 2']","['Drake, Kenyan']",1590224160,13090
['2021 Round 4'],['4.03'],1589901982,13090
"['1.11', '3.03']","['2.01', '2.06']",1589484506,13090
"['Jones, Aaron']",['1.06'],1589343208,13090
"['Mixon, Joe', '2.01', '3.08', '2021 Round 1', '2021 Round 2']","['1.07', '1.08', '2021 Round 1']",1588524685,13090
"['McCaffrey, Christian', '3.03']","['Carson, Chris', 'Beckham, Odell', '1.05', '2.03']",1588307457,13090
"['Cohen, Tarik', '2.01', '3.01', '2021 Round 1']","['Fournette, Leonard', '2.07', '3.07', '2021 Round 3']",1588287089,13090
['1.12'],['2021 Round 1'],1587243361,13090
"['2021 Round 1', '2021 Round 3']",['1.09'],1586487032,13090
"['2021 Round 1', '2021 Round 2']","['1.05', '1.09', '1.12']",1586485770,13090
['2.01'],"['Howard, Jordan']",1585602971,13090
"['Westbrook, Dede']","['Hill, Brian']",1585426093,13090
"['Carson, Chris', 'Jones, Julio']","[""Bell, Le'Veon"", 'White, James', 'Landry, Jarvis', '2021 Round 3', '2021 Round 4', '2021 Round 5', '2021 Round 5']",1599241310,46449
"['Landry, Jarvis']","['Howard, Jordan']",1598661270,46449
"['Jeffery, Alshon', '2021 Round 5']",['3.01'],1598659789,46449
"['Fuller, Will']",['3.02'],1598657943,46449
"['2021 Round 1', '2021 Round 2', '2021 Round 3']",['1.07'],1598398269,46449
"['1.04', '2021 Round 1']",['1.02'],1598065516,46449
['5.08'],"['Jones, Zay']",1589287088,31982
['2021 Round 1'],"['Gordon, Melvin']",1589208951,31982
"['4.09', '2021 Round 3']",['3.12'],1589152247,31982
"['2.10', '2021 Round 2']","['Shepard, Sterling', '4.07']",1589068562,31982
['1.02'],"['1.04', '2.04']",1588342155,31982
"['Rodgers, Aaron', 'Green, A.J.']","['Wentz, Carson', 'Woods, Robert']",1595773743,18568
"['Diggs, Stefon', '2021 Round 2']","['Godwin, Chris']",1594479342,18568
['5.05'],[],1590719242,18568
"['Watson, Deshaun', '3.10']","['Goff, Jared', '2.07', '2021 Round 1']",1590006079,18568
['2.09'],"['Davis, Corey']",1588775284,18568
"['McCaffrey, Christian', '2.05']","['Elliott, Ezekiel', 'Diggs, Stefon', 'Higbee, Tyler', '2021 Round 1']",1588723538,18568
"['1.09', '2021 Round 1']","['1.03', '2021 Round 3']",1587865458,18568
"['1.09', '3.05', '2021 Round 3']",['1.06'],1587852697,18568
"['Adams, Davante']","['1.06', '2021 Round 1']",1587658139,18568
"['1.01', '1.09']","['Hopkins, DeAndre', 'Robinson, Allen']",1587641424,18568
"['Gurley, Todd', 'Hilton, T.Y.']",['1.02'],1587640688,18568
['1.04'],"['1.08', '2021 Round 2']",1587170358,18568
"['Carson, Chris']",['1.04'],1587145253,18568
"['Hopkins, DeAndre', '1.08']","['Kamara, Alvin', '2021 Round 3']",1584675719,18568
"['Williams, Mike']","['Fuller, Kyle']",1599163280,72206
"['White, James', 'Hilton, T.Y.']","['Baker, Budda', '2021 Round 1']",1596390500,72206
"['Crowder, Jamison', '2021 Round 4']",['2021 Round 2'],1595034246,72206
"['2.12', '5.12']",['2.10'],1593995857,72206
"[""Bell, Le'Veon"", '1.10']",['1.08'],1593939412,72206
"['Jones, Julio', '3.08']","['Cousins, Kirk', '1.08']",1591347620,72206
"['Allen, Keenan']","['Mostert, Raheem', '4.09']",1591061126,72206
['1.08'],"['2.02', '3.02']",1588965117,74735
"['Rivers, Philip']","['Murray, Latavius']",1599122762,67606
"['Shepard, Sterling']","['Mostert, Raheem', '2.01']",1598547483,67606
"['Watkins, Sammy']",['3.05'],1598483694,67606
['1.04'],"['2.07', '2.11', '3.07', '3.11']",1592522572,67606
"['Cooper, Amari', 'Davis, Corey', '2021 Round 2']","['Green, A.J.', 'Hilton, T.Y.', 'David, Lavonte', '2021 Round 3']",1599549804,69355
['2.07'],"['Gordon, Melvin', '2021 Round 3']",1598626246,69355
"['Gordon, Melvin', '2021 Round 3']",['2.07'],1598625449,69355
"['Watt, T.J.']","['3.08', '3.09', '2021 Round 4']",1598491387,69355
"['Stafford, Matthew', '2.02']","['Wilson, Russell']",1597612497,69355
"['Fitzgerald, Larry']","['Milano, Matt', '3.08']",1597316125,69355
"['Samuel, Curtis', '4.09']","['2.08', '3.02']",1597192281,69355
"['Smith, Jaylon', '1.08', '2021 Round 2']","['Diggs, Stefon', 'Mathieu, Tyrann', '3.09']",1595224737,69355
"['Gilmore, Stephon']",['4.04'],1597501888,15526
"['Shepard, Sterling']","['4.02', '4.09']",1597492033,15526
"['Hilton, T.Y.']","['1.11', '2.11']",1597421303,15526
"['Cooper, Amari', 'Cunningham, Zach', '1.04', '2.04']","['McCaffrey, Christian']",1597198677,15526
['1.11'],[],1592710188,24855
"['Alexander, Kwon']",['4.06'],1592699811,24855
['4.01'],"['Jones, Marvin']",1592688857,24855
"['1.10', '3.11']",['1.09'],1592669912,24855
"['1.08', '3.08']",['1.07'],1592668487,24855
"['Johnson, David']","['1.06', '3.06']",1592664371,24855
['2.06'],"['Thielen, Adam']",1592601653,24855
"['Wilson, Russell']","['Gronkowski, Rob', 'Watt, J.J.', '1.12']",1592494170,24855
[],['2.03'],1596405688,52519
['1.10'],['1.08'],1596304944,52519
"['1.12', '2.12']","['1.05', '4.05']",1596301051,52519
['4.01'],['3.01'],1595731522,52519
"['Mixon, Joe', 'Golladay, Kenny', '1.09']","['Thomas, Michael', '1.01', '3.01']",1595731209,52519
"['Haden, Joe', '2.10', '3.03', '4.03']",['1.07'],1591742540,52519
"['2021 Round 1', '2021 Round 3']","['Martinez, Blake', 'Wagner, Bobby', 'Littleton, Cory']",1593248936,64750
"['Lewis, Dion']",['4.07'],1598661042,73301
"['Diggs, Stefon']",['1.03'],1598027429,73301
['1.12'],['1.01'],1597367040,34719
['3.12'],[],1597348184,34719
"['Breida, Matt']",['2.08'],1591825297,34719
['2.06'],['2021 Round 1'],1593198936,36435
"['1.09', '1.12', '2.12']","['Carson, Chris', 'Hunt, Kareem', '3.07']",1592507430,36435
"['Williams, Damien']",['4.05'],1590186439,58591
['3.05'],"['Pascal, Zach', '4.11']",1590173415,58591
['2.05'],"['Brown, John', '4.01']",1590169219,58591
"['Mixon, Joe', '4.02']","['Bosa, Joey', 'Smith, Jaylon', '1.09', '2.09']",1590161208,58591
['1.10'],"[""Bell, Le'Veon""]",1590157827,58591
"['Mostert, Raheem']",['3.05'],1598558536,74849
['2.07'],"['Waller, Darren']",1598537584,74849
['1.04'],"['1.10', '2.03']",1598419421,74849
"['3.04', '4.04']",['2.12'],1598302512,33374
"['2.12', '4.12']",['2.09'],1598300217,33374
"['2.10', '4.02']",['2.08'],1598299553,33374
"['Diggs, Stefon']","['2.06', '3.03', '4.03']",1598297366,33374
"['2.06', '4.06']",['2.03'],1598295455,33374
"['Brown, Malcolm', 'Thomas, Logan', '2021 Round 3']","[""Bell, Le'Veon""]",1600447714,50019
['2021 Round 4'],['5.13'],1589574952,50019
"['3.12', '2021 Round 4']","['4.14', '5.10', '2021 Round 3']",1589386474,50019
"['3.13', '4.14']",['3.11'],1589374950,50019
"['3.10', '3.12', '2021 Round 2']","['2.14', '2021 Round 5']",1589238694,50019
"['2.13', '2.14']","['2.10', '4.10', '5.10']",1589224754,50019
"['2.08', '4.06']","['Mack, Marlon', '3.10']",1589222269,50019
"['2.03', '3.05']","['2.04', '2.13']",1589142944,50019
"['2.03', '3.05']",['1.14'],1589128785,50019
['1.13'],['2021 Round 1'],1589037429,50019
"['4.13', '5.13']",['4.08'],1588440136,61398
['4.02'],"['4.06', '2021 Round 5']",1588355644,61398
['4.05'],"['Brate, Cameron', '5.07', '5.09', '5.11', '5.12']",1588341172,61398
"['3.14', '4.01']","['2021 Round 3', '2021 Round 5']",1588305917,61398
"['3.12', '4.03', '5.05']","['3.07', '4.07', '5.07']",1588293922,61398
['3.12'],"['4.12', '5.03']",1588269942,61398
"['3.11', '4.11', '5.05', '5.11']",['3.06'],1588251491,61398
"['3.08', '3.12']",['2.13'],1588212368,61398
"['Conner, James']","['2.12', '3.08', '3.12', '4.12', '5.09', '5.12']",1588211687,61398
"['1.14', '5.02']",['2021 Round 1'],1588119390,61398
['2020 Round 2'],['2021 Round 2'],1600355085,52743
['3.07'],"['Davis, Corey']",1588532233,29570
"['2.05', '2021 Round 2']",['2.01'],1588461102,29570
"['2.07', '3.07']",['2.05'],1588459209,29570
"['2022 Round 1', '2022 Round 2', '2022 Round 3']","['Ertz, Zach']",1588445214,29570
"['Collins, Jamie']","['Davis, Demario']",1596075026,30707
"['Dupree, Bud', 'Thompson, Shaq']",[],1594825530,30707
"['Landry, Jarvis']","['Schobert, Joe']",1593697417,30707
"['Cobb, Randall']",[],1593551021,30707
"['Smith, Jonnu']",[],1593550996,30707
"[""White, Tre'Davious""]",[],1593452803,30707
"['Simmons, Justin']",[],1593446718,30707
"['Carson, Chris', ""Smith, Za'Darius""]","['Robinson, Allen', 'Gronkowski, Rob', 'Wagner, Bobby']",1591728982,30707
"['Littleton, Cory']",[],1591584905,30707
"['Kelce, Travis']","['Hopkins, DeAndre', 'Doyle, Jack', '2021 Round 3', '2021 Round 5', '2021 Round 6']",1599082971,12608
[],"['6.07', '6.38']",1588958915,12608
[],"['5.51', '6.06']",1588958889,12608
[],"['5.49', '6.08']",1588958858,12608
[],"['5.46', '6.11']",1588958839,12608
[],"['5.45', '6.12']",1588958798,12608
[],"['5.41', '6.16']",1588958774,12608
[],"['5.40', '6.17']",1588958723,12608
[],"['5.39', '6.18']",1588958680,12608
[],"['5.38', '6.19']",1588958656,12608
[],"['5.36', '6.21']",1588958617,12608
"['5.35', '6.22']",[],1588958565,12608
"['5.34', '6.23']",[],1588958538,12608
"['5.30', '6.27']",[],1588958507,12608
"['5.29', '6.28']",[],1588958462,12608
"['5.26', '6.31']",[],1588958434,12608
"['5.24', '6.33']",[],1588958401,12608
"['5.22', '6.35']",[],1588958374,12608
"['5.17', '6.40']",[],1588958339,12608
"['5.47', '6.10']",[],1588958300,12608
"['5.42', '6.15']",[],1588958292,12608
[],"['5.13', '6.44']",1588958254,12608
"['5.54', '6.03']",[],1588958242,12608
[],"['5.12', '6.45']",1588958213,12608
[],"['5.11', '6.46']",1588958178,12608
[],"['5.07', '5.18', '6.39', '6.50']",1588958140,12608
[],"['5.06', '6.51']",1588958097,12608
[],"['5.05', '6.29', '6.52']",1588958071,12608
"['5.04', '6.53']",[],1588958038,12608
[],"['5.01', '5.14', '5.16', '5.31', '6.26', '6.56']",1588957385,12608
"['Ekeler, Austin', 'Ross, John', 'Reed, Jordan']","['Fournette, Leonard', 'Allison, Geronimo', 'Burton, Trey']",1586717478,12608
"['Brissett, Jacoby']","['Fuller, Will']",1582063105,12608
"['Newton, Cam', 'Samuel, Curtis']","['Goff, Jared', '2021 Round 2']",1582043414,12608
[],"['5.19', '5.25', '6.32']",1581095684,12608
[],"['5.48', '5.50', '6.09', '6.41']",1581095640,12608
[],"['5.20', '6.37', '6.43']",1581095599,12608
[],"['5.08', '6.49']",1581095546,12608
[],"['5.43', '6.14']",1581095499,12608
[],"['5.33', '6.24']",1581095453,12608
[],"['5.27', '6.30']",1581095408,12608
[],"['5.03', '6.54']",1581095368,12608
[],"['5.10', '6.47']",1581095330,12608
[],"['5.32', '6.25']",1581095270,12608
[],"['5.56', '6.01']",1581095216,12608
[],"['5.37', '6.20']",1581095078,12608
"['5.15', '6.42']",[],1581095015,12608
[],"['5.09', '5.55', '6.02', '6.48']",1581094938,12608
[],"['5.23', '6.34']",1581094864,12608
"['5.44', '5.53', '6.04', '6.13']",[],1581094837,12608
"['5.21', '6.36']",[],1581094798,12608
[],"['5.02', '6.55']",1581094717,12608
[],"['5.28', '5.52', '6.05']",1581094344,12608
"['Thomas, Michael', 'Anderson, Robby']","['Allen, Keenan', 'Henry, Derrick']",1596644491,41881
"['Ingram, Mark', 'Lockett, Tyler', '2021 Round 2']","['Fournette, Leonard']",1588666740,41881
"['Moore, David', '2020 Round 2', '2020 Round 4', '2020 Round 5']","['Ertz, Zach']",1584398115,41881
"['Jeffery, Alshon']",['3.02'],1593284535,73939
"['White, James']","['Crowder, Jamison']",1593204064,73939
"['Samuel, Curtis', '2.08', '2021 Round 3']",['2.05'],1593196050,73939
"['Jones, Aaron', '2.12']","['Golladay, Kenny', '2021 Round 3']",1593183322,73939
"['Carr, Derek']",['2.06'],1593113061,73939
"['Tannehill, Ryan', '3.08']","['Sanders, Emmanuel']",1593006832,73939
"['Bridgewater, Teddy', 'Roethlisberger, Ben', '1.04', '3.04']","['1.01', '2.01']",1593006792,73939
"['1.10', 'Jackson, DeSean']","['Green, A.J.']",1592960019,73939
"['Murray, Latavius']","['Patriots, New England', '2021 Round 2']",1596112561,43348
"['Shepard, Sterling']","['Tannehill, Ryan']",1595804276,43348
"['Landry, Jarvis', '2021 Round 2']","['1.12', '1.14']",1595800913,43348
"['Diggs, Stefon', '1.12', '1.14']",['1.02'],1593826797,43348
"['Edelman, Julian', 'Ross, John']","['2.02', '2021 Round 2']",1585623306,43348
"['2021 Round 5', '2021 Round 5']","['7.12', '7.13', '8.12', '8.13']",1592179833,48401
"['2021 Round 6', '2021 Round 7', '2021 Round 8']","['7.04', '7.07']",1592166616,48401
['5.05'],"['Hooker, Malik', '2021 Round 4']",1592018061,48401
['2.08'],['2021 Round 1'],1591756666,48401
"['1.10', '2021 Round 3']","['Hoyer, Brian', '1.14', '2021 Round 1']",1591733187,48401
"['Williams, Tyrell', ""Campbell, De'Vondre"", 'Evans, Justin', 'Johnson, John', '1.10', '5.14', '2021 Round 2']","['Winston, Jameis', '1.01']",1591628565,48401
"['Clowney, Jadeveon']",[],1591246461,48401
"['Moore, Kenny']",[],1591052334,48401
"['Pascal, Zach']",[],1590940363,48401
"['Wilson, Jarrod']",[],1590940216,48401
"['Hurns, Allen', 'Eifert, Tyler']",[],1590854053,48401
"['Walker, Anthony']","['Clark, Frank']",1590853669,48401
[],"['Humphrey, Marlon']",1590766106,48401
"['Jackson, Kareem']",[],1590766075,48401
['5.14'],"['Boswell, Chris', '7.14']",1590690366,48401
"['Ioannidis, Matt']",[],1590680574,48401
"['Williams, Marcus']",[],1590638693,48401
"['Gano, Graham']",[],1590610662,48401
"['Richardson, Sheldon']",[],1590591023,48401
"['Clark, Chuck']",[],1590555854,48401
"[""Fairbairn, Ka'imi""]",[],1590555670,48401
"['McKinney, Benardrick']",[],1590515664,48401
"['Witten, Jason']",[],1590465593,48401
"['Davis, Todd']",[],1590465568,48401
"['Simon, John']",[],1590414325,48401
"['Bell, Vonn', '6.13']",['4.06'],1590413933,48401
"['Collins, Landon']",['2021 Round 3'],1590341294,48401
"['Beasley, Cole']",[],1590302458,48401
"['Williamson, Avery']",[],1590209111,48401
"['Schobert, Joe', '3.13']",['2.12'],1590072139,48401
"['McManus, Brandon']",[],1590036264,48401
"['Boston, Tre']",[],1589951750,48401
"['Bourne, Kendrick']",[],1589950652,48401
"['Tannehill, Ryan']",[],1589903272,48401
"['Tartt, Jaquiski']",[],1589903240,48401
"['Trevathan, Danny']","['Hitchens, Anthony']",1589850451,48401
[],"['Murray, Latavius', 'Gordon, Josh']",1589809965,48401
[],"['Sanu, Mohamed']",1589809926,48401
['2021 Round 5'],['4.11'],1587250595,33405
"['Johnson, Duke', 'Miller, Lamar']","['5.01', '2021 Round 3']",1587235849,33405
"['1.10', '2.11']",['1.07'],1587126278,33405
"['Brady, Tom', '2021 Round 3']","['2021 Round 2', '2021 Round 2']",1595955612,40550
"['Conner, James', 'Lockett, Tyler', '2.10']","['Sanders, Emmanuel', '1.04', '2.02', '3.02']",1589653460,40550
"['Fournette, Leonard', '3.04']","['1.05', '3.05']",1589065668,40550
['2021 Round 1'],"['Hilton, T.Y.']",1586098388,40550
"['Williams, Mike']","['Gurley, Todd']",1584712677,40550
[],"['2.01', '3.01']",1581702894,40550
['4.07'],[],1581702792,40550
[],['5.07'],1581702737,40550
"['2.09', '3.09', '3.12']",[],1581702650,40550
"['1.09', '3.07', '3.08', '5.09']","['1.03', '5.01']",1581702553,40550
"['Davis, Corey', '2022 Round 2']","['Trubisky, Mitchell', '2021 Round 3']",1589058209,29023
"['4.04', '2021 Round 1']",['1.10'],1589058206,29023
"['3.01', '2021 Round 3']",['3.05'],1589058196,29023
['1.04'],"['1.05', '3.08']",1589047958,29023
"['Sanders, Emmanuel', 'Doyle, Jack']","['Dalton, Andy', 'Mathieu, Tyrann']",1588861407,29023
"['1.08', '2.05']",['1.05'],1588437148,29023
"['Brees, Drew', '2.02', '3.06']",['1.07'],1588436048,29023
['2.01'],['2.02'],1588434919,29023
"['2021 Round 4', '2021 Round 7', '2021 Round 7']","['Njoku, David']",1593019879,16351
['2021 Round 5'],['7.16'],1592864940,16351
"['Harris, Erik']",['7.01'],1592779769,16351
"['6.16', '2021 Round 6']",['6.10'],1592591264,16351
"['Anderson, Robby']",['6.02'],1592547229,16351
"['5.18', '6.21']","['5.12', '7.12']",1592428690,16351
"['5.12', '7.12']",['5.01'],1592358246,16351
"['2021 Round 5', '2021 Round 5', '2021 Round 5', '2021 Round 6', '2021 Round 6', '2021 Round 7']",['4.24'],1592317014,16351
"['4.24', '5.21', '2021 Round 3', '2021 Round 6']","['4.18', '5.18', '6.18']",1592265330,16351
"['Johnson, John']","['Jones, Marvin']",1592237180,16351
"['Winston, Jameis', 'Ebron, Eric']","['2021 Round 5', '2021 Round 5', '2021 Round 6']",1592159935,16351
['2021 Round 2'],"['3.25', '5.22']",1592102515,16351
"['4.16', '4.22']",['3.24'],1592086627,16351
"['3.24', '6.22']","['3.17', '7.17']",1592009422,16351
['3.16'],"['5.24', '2021 Round 2']",1592007783,16351
"['3.07', '7.07']","['3.12', '6.12']",1591979895,16351
"['Reddick, Haason']","['Lawrence, Demarcus']",1591956143,16351
['2021 Round 4'],"['Brees, Drew']",1591942069,16351
"['2.22', '2.24']",['2021 Round 1'],1591935963,16351
['6.16'],"['Collins, Jamie']",1591842479,16351
"['Davis, Demario']","['4.05', '6.21']",1591830612,16351
['2021 Round 7'],[],1591768992,16351
"['Anderson, Robby', 'Parker, DeVante', 'Njoku, David', '2021 Round 1', '2021 Round 3', '2021 Round 4']","['Adams, Davante']",1591763324,16351
"['1.24', '2021 Round 3']",['1.17'],1591747988,16351
"['2.22', '2.24', '2021 Round 1']",['1.18'],1591740424,16351
"['1.21', '3.24']",['1.16'],1591711453,16351
"['4.12', '2021 Round 1', '2021 Round 3']",['1.06'],1591665532,16351
"['Green, A.J.', '2021 Round 2']",['2021 Round 1'],1599356044,70335
"['Engram, Evan']","['Smith, Jonnu']",1596399582,70335
['2021 Round 1'],"['3.05', '3.12']",1591449679,36690
"['Cooks, Brandin', 'Stills, Kenny']","['Ingram, Mark']",1590913015,36690
"['5.03', '5.04', '5.05']",['4.04'],1589691643,36690
"['Johnson, David', 'Jones, Julio', '2.11']","['McCaffrey, Christian', '3.01']",1589439974,36690
"['6.12', '7.05', '7.12']",['2021 Round 5'],1588792116,36690
"['Hilton, T.Y.']",['3.04'],1588783611,36690
